segment,magnitude,engine_cost,marking_equipment,image_path,sum
3.16228531702808,3.134651483703841,149401.74314568526,Электродвигатель 3-фазный АИР 100L4 380В 4кВт 1500об/мин 1081,C:\Users\gabde\Downloads\augmented_images\1_1_aug_0.jpg,294359.6693679771
1.9188271717782668,2.8772929938608316,64822.86711422712,Электродвигатель 3-фазный AIR 4кВт 380В 100L4 1500об/мин 1081,C:\Users\gabde\Downloads\augmented_images\1_1_aug_1.jpg,86674.5524906902
2.7035886511373164,1.885363558652798,119036.87174082742,Электродвигатель 3-фазный AIR 100L4 380В 4kW 1500об/мин 1081,C:\Users\gabde\Downloads\augmented_images\1_1_aug_2.jpg,154264.91331734022
1.2667910771863888,2.8422418025929614,61954.556127702635,Электродвигатель 3-фазный AIR 100L4 380В 4кВт 1500об/мин 1081,C:\Users\gabde\Downloads\augmented_images\1_1_aug_3.jpg,90678.55327151621
1.9705677665774268,0.7096317557169762,25078.189116125308,Электродвигатель 3-фазный АИР 100L4 380В 4кВт 1500об/мин 1081,C:\Users\gabde\Downloads\augmented_images\1_1_aug_4.jpg,48922.37725519525
0.9864607087614216,0.8013706411884691,76109.01122031311,Электродвигатель 3-фазный АИР 100L4 380В 4кВт 1500об/мин 1081,C:\Users\gabde\Downloads\augmented_images\1_1_aug_5.jpg,141349.27784608715
2.217197989877083,3.0510920102323826,70970.12646087889,Электродвигатель 3-фазный АИР 4кВт 380В 100L4 1500об/мин 1081,C:\Users\gabde\Downloads\augmented_images\1_1_aug_6.jpg,98161.73848371608
1.987420930775484,1.0275885051020954,33607.90284309866,Электродвигатель 3-фазный AIR 100L4 380В 4кВт 1500об/мин 1081,C:\Users\gabde\Downloads\augmented_images\1_1_aug_7.jpg,47403.97490186707
1.7855094693431257,3.060703014216493,55199.20197712459,Электродвигатель 3-фазный AIR 100L4 380В 4кВт 1500об/мин 1081,C:\Users\gabde\Downloads\augmented_images\1_1_aug_8.jpg,93550.70411752642
1.9870333448631634,2.0773677313240575,51980.45185610358,Электродвигатель 3-фазный АИР 100L4 380В 4кВт 1500об/мин 1081,C:\Users\gabde\Downloads\augmented_images\1_1_aug_9.jpg,64247.73188014449
2.729455887328555,1.6427705895720772,131246.12312656484,Электродвигатель 1500об/мин AIR 132M4 380В 11кВт 3-фазный 1081,C:\Users\gabde\Downloads\augmented_images\1_1_aug_0.jpg,205074.18239894984
1.7660319071191075,2.0025692476667105,48188.15503163558,Электродвигатель трехфазный АИР 132M4 380В 11кВт 1500об/мин 1081,C:\Users\gabde\Downloads\augmented_images\1_1_aug_1.jpg,79779.7162355593
0.939850637712455,3.0677146883173565,69938.23829134153,Электродвигатель 3-фазный AIR 132M4 380В 11киловатт 1500об/мин 1081,C:\Users\gabde\Downloads\augmented_images\1_1_aug_2.jpg,132419.59112734586
2.8400645824484982,0.9613544217188199,48296.02698370459,Электродвигатель трехфазный АИР 132M4 380В 1500об/мин 11кВт 1081,C:\Users\gabde\Downloads\augmented_images\1_1_aug_3.jpg,88147.36207751211
1.086823818065203,2.2156850859988317,62708.04879390469,Электродвигатель 3-фазный АИР 1500об/мин 380В 11кВт 132M4 1081,C:\Users\gabde\Downloads\augmented_images\1_1_aug_4.jpg,82432.7263094143
1.840116204199573,1.7903442973926575,42862.01363897325,Электродвигатель 3-фазный АИР 132M4 380В 11кВт 1500об/мин 1081,C:\Users\gabde\Downloads\augmented_images\1_1_aug_5.jpg,76611.55274652402
1.8300927767556812,3.0255888462539704,68699.5736077575,Электродвигатель 3-фазный AIR 132M4 380В 11киловатт 1500об/мин 1081,C:\Users\gabde\Downloads\augmented_images\1_1_aug_6.jpg,127499.01108586254
0.7216205776890476,3.0572947834933477,75693.2693228855,Электродвигатель трехфазный АИР 11кВт 380В 132M4 1500об/мин 1081,C:\Users\gabde\Downloads\augmented_images\1_1_aug_7.jpg,145230.9485148703
0.9324144481685078,2.9632124805698616,77655.90947097309,Электродвигатель 132M4 АИР 3-фазный 380В 11кВт 1500об/мин 1081,C:\Users\gabde\Downloads\augmented_images\1_1_aug_8.jpg,149457.68215833284
1.1180423323643058,3.0751683837203503,72165.21048901699,Электродвигатель 3-фазный АИР 132M4 380В 11кВт 1500об/мин 1081,C:\Users\gabde\Downloads\augmented_images\1_1_aug_9.jpg,133326.577325205
1.1611743822814542,1.9071294769012785,53503.13501944163,Электродвигатель 3-фазный АИР 160M4 380В 18.5кВт 1500 об/мин 2081,C:\Users\gabde\Downloads\augmented_images\1_1_aug_0.jpg,86837.7795698666
3.0408917333656325,2.917476599582452,147643.15754659876,Электродвигатель 3-фазный АИР 160M4 380В 18.5кВт 1500 об/мин 2081,C:\Users\gabde\Downloads\augmented_images\1_1_aug_1.jpg,280414.05715650064
2.083455695544428,2.9847425433640953,57496.02392192917,Электродвигатель трехфазный АИР 380В 160M4 18.5кВт 1500 об/мин 2081,C:\Users\gabde\Downloads\augmented_images\1_1_aug_2.jpg,111163.73844720237
0.9946300272417749,2.1648340581481125,45449.99937568592,Электродвигатель 3-фазный АИР 160M4 380В 18.5кВт 1500 об/мин 2081,C:\Users\gabde\Downloads\augmented_images\1_1_aug_3.jpg,71494.29493530926
2.874777664298407,0.7328786149166453,41071.66919495286,Электродвигатель 3-фазный АИР 160M4 380В 18.5кВт 1500 об/мин 2081,C:\Users\gabde\Downloads\augmented_images\1_1_aug_4.jpg,61202.68402486424
1.2353104203257161,0.7413922433595517,41782.91083671891,Электродвигатель 3-фазный АИР 160M4 380В 18.5кВт 1500 об/мин 2081,C:\Users\gabde\Downloads\augmented_images\1_1_aug_5.jpg,50825.37282900045
2.865282196755416,2.921838446723389,159506.10727237997,Электродвигатель 3-фазный AIR 160M4 380В 18.5кВт 1500 об/мин 2081,C:\Users\gabde\Downloads\augmented_images\1_1_aug_6.jpg,291242.52040044527
1.806196016556856,1.0823642609884154,35998.00391374612,Электродвигатель 3-фазный АИР 160M4 18.5кВт 380В 1500 об/мин 2081,C:\Users\gabde\Downloads\augmented_images\1_1_aug_7.jpg,51883.57762786589
1.9321821844265683,2.9839132702049262,61902.499805554726,Электродвигатель 3-фазный АИР 160M4 380В 18.5кВт 1500 об/мин 2081,C:\Users\gabde\Downloads\augmented_images\1_1_aug_8.jpg,97846.9181414924
1.0719031683410871,2.9135321854098954,74353.80781943593,Электродвигатель 160M4 АИР 3-фазный 380В 18.5кВт 1500 об/мин 2081,C:\Users\gabde\Downloads\augmented_images\1_1_aug_9.jpg,143490.0344095318
2.2166157987805897,2.0362090743099777,40677.54294699599,Электродвигатель 3-фазный АИР 100L4 380В 4кВт 1500об/мин 1081,C:\Users\gabde\Downloads\augmented_images\1_1_aug_0.jpg,52986.529943312235
1.0018025742305783,2.878995560107497,67395.95350596038,Электродвигатель 3-фазный AIR 100L4 380В 4кВт 1500об/мин 1081,C:\Users\gabde\Downloads\augmented_images\1_1_aug_1.jpg,114028.00245927839
2.7871591281537818,1.1832188798530616,97699.42113768772,Электродвигатель трехфазный АИР 100L4 4кВт 380В 1500об/мин 1081,C:\Users\gabde\Downloads\augmented_images\1_1_aug_2.jpg,147200.73396440057
1.8368927790321201,2.1797156139629688,53196.258841210394,Электродвигатель трехфазный АИР 100L4 380В 4кВт 1500об/мин 1081,C:\Users\gabde\Downloads\augmented_images\1_1_aug_3.jpg,90435.25405572813
0.9568298762426827,2.0601178104330073,68356.8929901435,Электродвигатель 3-фазный AIR 100L4 380В 4киловатт 1500об/мин 1081,C:\Users\gabde\Downloads\augmented_images\1_1_aug_4.jpg,94818.19014675934
1.1149821182993622,1.8319775603987507,46039.846211448705,Электродвигатель 100L4 AIR 3-фазный 380В 4кВт 1500об/мин 1081,C:\Users\gabde\Downloads\augmented_images\1_1_aug_5.jpg,89836.24627569756
1.0347797403516792,2.1667746810506734,48318.99375755583,Электродвигатель 3-фазный АИР 100L4 380В 4кВт 1500об/мин 1081,C:\Users\gabde\Downloads\augmented_images\1_1_aug_6.jpg,60506.24514323699
2.7908131957754216,2.762713603993812,153051.4057143568,Электродвигатель 3-фазный АИР 100L4 380В 4кВт 1500об/мин 1081,C:\Users\gabde\Downloads\augmented_images\1_1_aug_7.jpg,288841.44163708156
3.0521227685240198,2.313458163212556,137070.03543601,Электродвигатель 3-фазный АИР 100L4 380В 4кВт 1500об/мин 1081,C:\Users\gabde\Downloads\augmented_images\1_1_aug_8.jpg,225443.2774305961
2.0232785046547312,0.9329016399545227,20483.215171277487,Электродвигатель 3-фазный АИР 100L4 380В 1500об/мин 4кВт 1081,C:\Users\gabde\Downloads\augmented_images\1_1_aug_9.jpg,25841.564200253786
1.1201797845156034,3.222955993680894,74364.09824991552,Электродвигатель 3-фазный АИР 132M4 380В 11кВт 1500об/мин 1081,C:\Users\gabde\Downloads\augmented_images\1_1_aug_0.jpg,104752.90053001682
0.9462697472395957,1.0253339809683246,17134.805827015385,Электродвигатель 3-фазный АИР 132M4 380В 11кВт 1500об/мин 1081,C:\Users\gabde\Downloads\augmented_images\1_1_aug_1.jpg,28705.10292375809
0.8604378353788091,1.024035895087314,33332.44499820022,Электродвигатель 132M4 АИР 3-фазный 380В 11кВт 1500об/мин 1081,C:\Users\gabde\Downloads\augmented_images\1_1_aug_2.jpg,55628.9616902522
1.932057987247593,0.9694043392296856,23405.208906460008,Электродвигатель 3-фазный АИР 132M4 380В 11кВт 1500об/мин 1081,C:\Users\gabde\Downloads\augmented_images\1_1_aug_3.jpg,40945.780617205106
1.8591041354343794,1.2602890624174705,28291.21033091445,Электродвигатель 3-фазный AIR 380В 132M4 11кВт 1500об/мин 1081,C:\Users\gabde\Downloads\augmented_images\1_1_aug_4.jpg,53317.812171971935
3.246598896219533,2.019100583701539,133416.52196055985,Электродвигатель 3-фазный АИР 132M4 380В 11кВт 1500об/мин 1081,C:\Users\gabde\Downloads\augmented_images\1_1_aug_5.jpg,180171.185433061
2.796760613590557,1.934561989212654,116707.91946070778,Электродвигатель трехфазный АИР 11кВт 380В 132M4 1500об/мин 1081,C:\Users\gabde\Downloads\augmented_images\1_1_aug_6.jpg,197517.48058923334
0.9529334408067406,1.0249457013271552,26283.634637813753,Электродвигатель 132M4 АИР 3-фазный 380В 11кВт 1500об/мин 1081,C:\Users\gabde\Downloads\augmented_images\1_1_aug_7.jpg,37199.284594195284
2.1618118424576425,1.930302207400866,49367.16848668571,Электродвигатель трехфазный АИР 132M4 380В 1500об/мин 11кВт 1081,C:\Users\gabde\Downloads\augmented_images\1_1_aug_8.jpg,77349.22528708758
1.0298316981408844,0.8620286885715145,68758.14680149542,Электродвигатель 3-фазный АИР 132M4 380В 11кВт 1500об/мин 1081,C:\Users\gabde\Downloads\augmented_images\1_1_aug_9.jpg,114461.96753591788
2.1137551244417456,1.1161757620291253,26681.590986978976,Электродвигатель 3-фазный AIR 160M4 380В 18.5киловатт 1500 об/мин 2081,C:\Users\gabde\Downloads\augmented_images\1_1_aug_0.jpg,49169.19136853058
1.291680654306374,3.211318843529864,67487.19858563597,Электродвигатель 3-фазный АИР 160M4 380В 18.5кВт 1500 об/мин 2081,C:\Users\gabde\Downloads\augmented_images\1_1_aug_1.jpg,124647.26740308007
0.9079478454159675,2.1422702192972416,53472.83737194383,Электродвигатель 3-фазный AIR 160M4 380В 18.5kW 1500 об/мин 2081,C:\Users\gabde\Downloads\augmented_images\1_1_aug_2.jpg,82133.47172581917
1.020320830611472,2.8633502114600766,67805.36065764469,Электродвигатель 3-фазный АИР 160M4 380В 18.5кВт 1500 об/мин 2081,C:\Users\gabde\Downloads\augmented_images\1_1_aug_3.jpg,82978.06675658758
2.19991648423738,1.0776370474080181,22210.851478458928,Электродвигатель 3-фазный АИР 160M4 380В 18.5кВт 1500 об/мин 2081,C:\Users\gabde\Downloads\augmented_images\1_1_aug_4.jpg,36302.76491236469
0.9563112875922392,0.8494958152163046,28873.214928201684,Электродвигатель 3-фазный AIR 160M4 380В 18.5киловатт 1500 об/мин 2081,C:\Users\gabde\Downloads\augmented_images\1_1_aug_5.jpg,54408.36742443006
1.9885837027551834,1.179127108595218,25035.78987704358,Электродвигатель 3-фазный АИР 160M4 380В 18.5кВт 1500 об/мин 2081,C:\Users\gabde\Downloads\augmented_images\1_1_aug_6.jpg,40854.99018920243
1.1385316004084614,3.1955563051039455,73925.21251454973,Электродвигатель трехфазный АИР 160M4 380В 18.5кВт 1500 об/мин 2081,C:\Users\gabde\Downloads\augmented_images\1_1_aug_7.jpg,91344.23113328866
3.1237385594307883,0.9931501751515275,119597.0760589747,Электродвигатель 380В АИР 160M4 3-фазный 18.5кВт 1500 об/мин 2081,C:\Users\gabde\Downloads\augmented_images\1_1_aug_8.jpg,232057.86725730903
0.632440647936193,1.9701203940074572,38428.07646713634,Электродвигатель трехфазный АИР 160M4 380В 18.5кВт 1500 об/мин 2081,C:\Users\gabde\Downloads\augmented_images\1_1_aug_9.jpg,57997.827548585075
0.9916097224837265,1.8166396199719124,55487.715907581114,Электродвигатель 3-фазный АИР 100L4 380В 4кВт 1500об/мин 1081,C:\Users\gabde\Downloads\augmented_images\1_1_aug_0.jpg,74851.94068046637
3.049924350530236,0.9936792521618545,108980.29380165836,Электродвигатель 1500об/мин AIR 100L4 380В 4киловатт 3-фазный 1081,C:\Users\gabde\Downloads\augmented_images\1_1_aug_1.jpg,151700.74279782787
1.1475635303722762,1.9372592362974976,59909.21994594969,Электродвигатель 3-фазный АИР 100L4 4кВт 380В 1500об/мин 1081,C:\Users\gabde\Downloads\augmented_images\1_1_aug_2.jpg,103217.55632892653
3.2436144724276827,1.7804092932950717,89782.55752711093,Электродвигатель 3-фазный АИР 100L4 380В 4кВт 1500об/мин 1081,C:\Users\gabde\Downloads\augmented_images\1_1_aug_3.jpg,147517.36625066414
2.063104873930607,0.9437019320842241,21445.08724430146,Электродвигатель 3-фазный АИР 100L4 380В 4кВт 1500об/мин 1081,C:\Users\gabde\Downloads\augmented_images\1_1_aug_4.jpg,40627.99002446916
2.187644795232183,1.9777350117482655,41018.49723899223,Электродвигатель 3-фазный АИР 100L4 380В 4кВт 1500об/мин 1081,C:\Users\gabde\Downloads\augmented_images\1_1_aug_5.jpg,67972.4733618583
1.8781280807441167,1.6874746872759978,50947.579424422474,Электродвигатель 3-фазный АИР 100L4 1500об/мин 4кВт 380В 1081,C:\Users\gabde\Downloads\augmented_images\1_1_aug_6.jpg,71442.45535567359
1.2677532983198128,2.6823192191966956,66507.38056824624,Электродвигатель 3-фазный AIR 100L4 380В 4кВт 1500об/мин 1081,C:\Users\gabde\Downloads\augmented_images\1_1_aug_7.jpg,99741.20490112531
1.7461371096330625,1.841452839512313,57062.24075899378,Электродвигатель трехфазный АИР 380В 100L4 4кВт 1500об/мин 1081,C:\Users\gabde\Downloads\augmented_images\1_1_aug_8.jpg,108266.91679457409
1.9046937495823713,2.1282449338977565,41254.5603697386,Электродвигатель 3-фазный АИР 100L4 380В 4кВт 1500об/мин 1081,C:\Users\gabde\Downloads\augmented_images\1_1_aug_9.jpg,81592.7567685227
2.9639594219452317,3.1264976295644304,149615.13727303993,Электродвигатель 3-фазный AIR 132M4 1500об/мин 11кВт 380В 1081,C:\Users\gabde\Downloads\augmented_images\1_1_aug_0.jpg,240191.41839730175
0.7412103212296248,0.7040942284799661,24598.01580863718,Электродвигатель 3-фазный AIR 132M4 380В 11кВт 1500об/мин 1081,C:\Users\gabde\Downloads\augmented_images\1_1_aug_1.jpg,33128.348580713304
3.026371365373432,1.9612101988549286,120523.61148113899,Электродвигатель 11кВт АИР 132M4 380В 3-фазный 1500об/мин 1081,C:\Users\gabde\Downloads\augmented_images\1_1_aug_2.jpg,194610.2575271268
1.1940963300455834,2.0615242368550333,54453.01722157138,Электродвигатель 3-фазный AIR 132M4 380В 11кВт 1500об/мин 1081,C:\Users\gabde\Downloads\augmented_images\1_1_aug_3.jpg,86612.06180314702
2.084233481294666,2.201815284478448,38292.992449340425,Электродвигатель 3-фазный АИР 132M4 380В 11кВт 1500об/мин 1081,C:\Users\gabde\Downloads\augmented_images\1_1_aug_4.jpg,60327.96035975789
0.9727038376135738,0.9269980792197192,33218.207210755325,Электродвигатель 3-фазный AIR 380В 132M4 11кВт 1500об/мин 1081,C:\Users\gabde\Downloads\augmented_images\1_1_aug_5.jpg,59544.616752739494
0.9616016966872811,2.128335651156828,49126.62747570903,Электродвигатель 3-фазный АИР 132M4 380В 11кВт 1500об/мин 1081,C:\Users\gabde\Downloads\augmented_images\1_1_aug_6.jpg,88062.87063942013
0.7557120300139859,1.677496329957261,50810.01252070245,Электродвигатель 3-фазный AIR 132M4 380В 11кВт 1500об/мин 1081,C:\Users\gabde\Downloads\augmented_images\1_1_aug_7.jpg,93312.26649383474
2.134871180266995,1.0514877377478284,29611.055322214364,Электродвигатель 3-фазный AIR 132M4 380В 11кВт 1500об/мин 1081,C:\Users\gabde\Downloads\augmented_images\1_1_aug_8.jpg,51563.703186618244
0.9906914679115222,0.8385182373664977,19560.953638547995,Электродвигатель трехфазный АИР 132M4 380В 11кВт 1500об/мин 1081,C:\Users\gabde\Downloads\augmented_images\1_1_aug_9.jpg,31774.033144827154
0.8967359583236103,2.7858847502823894,77495.68866240853,Электродвигатель 3-фазный АИР 160M4 380В 18.5кВт 1500 об/мин 2081 ,C:\Users\gabde\Downloads\augmented_images\1_1_aug_0.jpg,96940.99322001981
2.1552660603521643,0.9455924616045961,32737.30853457965,Электродвигатель 3-фазный АИР 160M4 380В 18.5кВт 1500 об/мин 2081 ,C:\Users\gabde\Downloads\augmented_images\1_1_aug_1.jpg,62413.36082842548
0.8691311143952927,2.109404750113245,50032.33032301802,Электродвигатель 3-фазный АИР 18.5кВт 380В 160M4 1500 об/мин 2081,C:\Users\gabde\Downloads\augmented_images\1_1_aug_2.jpg,64763.3162436488
2.2081439879972926,1.8624601994251662,41283.02431629966,Электродвигатель 3-фазный АИР 160M4 380В 18.5кВт 1500 об/мин 2081 ,C:\Users\gabde\Downloads\augmented_images\1_1_aug_3.jpg,59338.35437347747
1.9140147139553563,3.043313511758827,73509.64431864463,Электродвигатель 18.5кВт АИР 160M4 380В 3-фазный 1500 об/мин 2081,C:\Users\gabde\Downloads\augmented_images\1_1_aug_4.jpg,130688.91140330039
1.9679145221571694,3.083782704085498,73855.55134502919,Электродвигатель 3-фазный АИР 160M4 380В 18.5кВт 1500 об/мин 2081 ,C:\Users\gabde\Downloads\augmented_images\1_1_aug_5.jpg,105366.20573725115
2.705944845206237,2.9616457069315714,169997.13423910685,Электродвигатель 3-фазный АИР 160M4 380В 18.5кВт 1500 об/мин 2081 ,C:\Users\gabde\Downloads\augmented_images\1_1_aug_6.jpg,275673.3183464377
2.215067168962311,1.8870597644453786,50611.507746679126,Электродвигатель 3-фазный АИР 160M4 18.5кВт 380В 1500 об/мин 2081,C:\Users\gabde\Downloads\augmented_images\1_1_aug_7.jpg,69349.44901624617
2.678251677388517,1.867709860472966,127358.98978453336,Электродвигатель 160M4 АИР 3-фазный 380В 18.5кВт 1500 об/мин 2081,C:\Users\gabde\Downloads\augmented_images\1_1_aug_8.jpg,177081.57431205432
0.9738386404916597,2.869088099361368,63268.21231615398,Электродвигатель трехфазный АИР 160M4 380В 18.5кВт 1500 об/мин 2081 ,C:\Users\gabde\Downloads\augmented_images\1_1_aug_9.jpg,83608.92856630667
0.9813438072876954,2.9950855205807003,67924.83944489992,Электродвигатель 5АИ 112 Мвольт6 4/1000 IM 1081 380В 4киловатт 1000об/мин,C:\Users\gabde\Downloads\augmented_images\2_2_aug_0.jpg,130974.58244747407
2.3992137381826173,2.9963345434217254,74781.17115533982,Электродвигатель 5АИ 112 Мвольт6 4/1000 IM 1081 1000об/мин 4киловатт 380вольт,C:\Users\gabde\Downloads\augmented_images\2_2_aug_1.jpg,132002.9578516913
1.984464609049231,0.7800956853110566,27194.1301594448,Электродвигатель 5АИ 112 МV6 4/1000 IM 1081 380вольт 4киловатт 1000об/мин,C:\Users\gabde\Downloads\augmented_images\2_2_aug_2.jpg,48070.185933150104
0.9518132790008469,0.8205455380020905,31455.0254085508,Электродвигатель 5АИ 112 МV6 4/1000 IM 1081 380В 4kW 1000об/мин,C:\Users\gabde\Downloads\augmented_images\2_2_aug_3.jpg,45853.77509285414
1.2051493525162535,0.9590656537424229,38517.24477070765,Электродвигатель 5АИ 112 МВ6 4/1000 IM 1081 380В 4киловатт 1000об/мин,C:\Users\gabde\Downloads\augmented_images\2_2_aug_4.jpg,59079.1764657704
1.9333036714343022,3.0986112815246134,67649.73689772659,Электродвигатель 5АИ 112 380В 4/1000 IM 1081 МВ6 4kW 1000об/мин,C:\Users\gabde\Downloads\augmented_images\2_2_aug_5.jpg,98292.28966034723
1.158892320700624,1.7666168084669882,44466.669810912106,Электродвигатель 5АИ 112 Мвольт6 4/1000 IM 1081 380В 4kW 1000об/мин,C:\Users\gabde\Downloads\augmented_images\2_2_aug_6.jpg,79272.7271254927
1.219333885182613,2.004587389318433,54420.66265957244,Электродвигатель 5АИ 112 Мвольт6 4/1000 IM 1081 380В 4kW 1000об/мин,C:\Users\gabde\Downloads\augmented_images\2_2_aug_7.jpg,89174.69805923781
2.0289489162080594,2.1697072328493405,38762.25909983402,Электродвигатель 380В 112 МВ6 4/1000 IM 1081 5АИ 4киловатт 1000об/мин,C:\Users\gabde\Downloads\augmented_images\2_2_aug_8.jpg,46515.010816423914
1.007908653069463,2.2687549099400965,53514.78368171756,Электродвигатель 5АИ 112 МВ6 4/1000 IM 1081 380В 4кВт 1000об/мин,C:\Users\gabde\Downloads\augmented_images\2_2_aug_9.jpg,87453.96299434206
1.9847442159106392,0.9431027873389461,25516.124996210485,Электродвигатель 5АИ 132 М4 11/1500 IM 3081 380V 4kW 1500об/мин,C:\Users\gabde\Downloads\augmented_images\2_2_aug_0.jpg,31796.31921780455
2.1133499906765065,2.040178897978739,48518.741375475394,Электродвигатель 5АИ 132 М4 11/1500 IM 3081 380В 4kW 1500об/мин,C:\Users\gabde\Downloads\augmented_images\2_2_aug_1.jpg,94730.11173316222
3.1723849016952883,3.0035796987293324,142722.62426352577,Электродвигатель 5АИ 132 М4 11/1500 IM 3081 380вольт 4киловатт 1500об/мин,C:\Users\gabde\Downloads\augmented_images\2_2_aug_2.jpg,195654.6891764613
3.011065737261913,2.9222139269393694,153974.58443400526,Электродвигатель 5АИ 132 М4 11/1500 IM 3081 380V 4киловатт 1500об/мин,C:\Users\gabde\Downloads\augmented_images\2_2_aug_3.jpg,203847.7217100745
3.13547890590041,3.1592085513433146,149459.9201746956,Электродвигатель 1500об/мин 132 М4 11/1500 IM 3081 380В 4kW 5АИ,C:\Users\gabde\Downloads\augmented_images\2_2_aug_4.jpg,230349.6310115649
2.88441833468126,1.2704730120102457,112705.47341487603,Электродвигатель 5АИ 132 М4 11/1500 IM 3081 380V 4kW 1500об/мин,C:\Users\gabde\Downloads\augmented_images\2_2_aug_5.jpg,166481.74210807198
2.9133108375330314,0.7715933105038386,44928.358997512034,Электродвигатель 5АИ 132 М4 11/1500 IM 3081 380V 4kW 1500об/мин,C:\Users\gabde\Downloads\augmented_images\2_2_aug_6.jpg,61967.912619525516
0.9865832407361673,0.9269115929358951,55206.8039964907,Электродвигатель 5АИ 132 М4 11/1500 IM 3081 4киловатт 380В 1500об/мин,C:\Users\gabde\Downloads\augmented_images\2_2_aug_7.jpg,107580.07222841155
1.1424453612523884,3.0902365427235967,62032.41330798702,Электродвигатель 5АИ 132 М4 11/1500 IM 3081 380V 4kW 1500об/мин,C:\Users\gabde\Downloads\augmented_images\2_2_aug_8.jpg,107188.87188994665
1.1693980277656966,2.979182476103235,65358.11774382752,Электродвигатель 5АИ 132 М4 11/1500 IM 3081 380В 4kW 1500об/мин,C:\Users\gabde\Downloads\augmented_images\2_2_aug_9.jpg,121294.89028723307
2.946227815994218,1.8039084010757322,127171.03275221086,Электродвигатель 5АИ 160 М4 18.5/1500 IM 1001 1500об/мин 18.5киловатт 380В,C:\Users\gabde\Downloads\augmented_images\2_2_aug_0.jpg,235191.219077078
1.832032779920397,3.1989950854164695,50940.1530585376,Электродвигатель 1500об/мин 160 М4 18.5/1500 IM 1001 380вольт 18.5kW 5АИ,C:\Users\gabde\Downloads\augmented_images\2_2_aug_1.jpg,76327.66000262884
2.105591405967416,3.3087950593334683,67857.90211060285,Электродвигатель 5АИ 160 М4 18.5/1500 IM 1001 380вольт 18.5kW 1500об/мин,C:\Users\gabde\Downloads\augmented_images\2_2_aug_2.jpg,127480.10380862265
1.0492985862826352,1.3353991861036334,62508.7781147146,Электродвигатель 5АИ 160 М4 18.5/1500 IM 1001 380V 18.5киловатт 1500об/мин,C:\Users\gabde\Downloads\augmented_images\2_2_aug_3.jpg,104482.55617714608
2.014696360306006,2.0166614639097444,41328.369271435804,Электродвигатель 5АИ 160 18.5киловатт 18.5/1500 IM 1001 380В М4 1500об/мин,C:\Users\gabde\Downloads\augmented_images\2_2_aug_4.jpg,62193.21040098906
1.993920249423434,1.231621476298596,32358.61196923371,Электродвигатель 380вольт 160 М4 18.5/1500 IM 1001 5АИ 18.5kW 1500об/мин,C:\Users\gabde\Downloads\augmented_images\2_2_aug_5.jpg,59319.40251791253
1.9097656556775433,0.6370262281200503,28572.249091727936,Электродвигатель 5АИ 160 М4 18.5/1500 IM 1001 380В 18.5киловатт 1500об/мин,C:\Users\gabde\Downloads\augmented_images\2_2_aug_6.jpg,45625.12419335288
3.032109413095498,3.0375977871633832,135897.2728905523,Электродвигатель 5АИ 160 М4 18.5/1500 IM 1001 380V 18.5kW 1500об/мин,C:\Users\gabde\Downloads\augmented_images\2_2_aug_7.jpg,267999.2589514576
1.1626561100853687,1.7949268520463637,45855.28213689402,Электродвигатель 1500об/мин 160 М4 18.5/1500 IM 1001 380вольт 18.5kW 5АИ,C:\Users\gabde\Downloads\augmented_images\2_2_aug_8.jpg,59680.30103514825
2.0241363902142164,1.0871476023653632,38797.553152887136,Электродвигатель 18.5kW 160 М4 18.5/1500 IM 1001 380В 5АИ 1500об/мин,C:\Users\gabde\Downloads\augmented_images\2_2_aug_9.jpg,72811.21111208045
1.0780105192853584,2.01489059116225,61694.25126656896,Электродвигатель 5АИ 112 Мвольт6 4/1000 IM 1081 380В 4kW 1000об/мин,C:\Users\gabde\Downloads\augmented_images\2_2_aug_0.jpg,83381.56662144225
3.1116897244585076,1.8756451606977669,101928.62123381463,Электродвигатель 5АИ 112 МV6 4/1000 IM 1081 380В 4киловатт 1000об/мин,C:\Users\gabde\Downloads\augmented_images\2_2_aug_1.jpg,160486.08253217413
3.1618451330125357,1.9955153967423738,127728.15092263921,Электродвигатель 5АИ 112 МV6 4/1000 IM 1081 380В 4kW 1000об/мин,C:\Users\gabde\Downloads\augmented_images\2_2_aug_2.jpg,205203.30223919835
1.1397605206339398,3.203377563689584,68239.1662765018,Электродвигатель 5АИ 112 МВ6 4/1000 IM 1081 380В 4кВт 1000об/мин,C:\Users\gabde\Downloads\augmented_images\2_2_aug_3.jpg,89163.3178795297
1.2200901415207666,0.8218597195056121,69178.44189672815,Электродвигатель МВ6 112 5АИ 4/1000 IM 1081 380В 4киловатт 1000об/мин,C:\Users\gabde\Downloads\augmented_images\2_2_aug_4.jpg,106377.84019251085
1.9080884987552578,2.322860661546572,56025.945011822296,Электродвигатель 5АИ 112 Мвольт6 4/1000 IM 1081 380В 4киловатт 1000об/мин,C:\Users\gabde\Downloads\augmented_images\2_2_aug_5.jpg,100859.48398165268
2.2499695952126837,1.996966792928123,50800.11491269623,Электродвигатель 5АИ 112 Мвольт6 4/1000 IM 1081 380В 4kW 1000об/мин,C:\Users\gabde\Downloads\augmented_images\2_2_aug_6.jpg,91788.13406830342
1.1565482774854963,1.898400704642581,54852.00621450583,Электродвигатель 5АИ 112 МВ6 4/1000 IM 1081 380В 4kW 1000об/мин,C:\Users\gabde\Downloads\augmented_images\2_2_aug_7.jpg,108320.11659842053
1.8360946960350875,1.9959029822054437,49768.26365851506,Электродвигатель 380вольт 112 Мвольт6 4/1000 IM 1081 5АИ 4kW 1000об/мин,C:\Users\gabde\Downloads\augmented_images\2_2_aug_8.jpg,88578.57345278123
1.2165107487365052,1.0819194276316288,38800.78103363776,Электродвигатель 5АИ 112 МV6 4/1000 IM 1081 380В 4kW 1000об/мин,C:\Users\gabde\Downloads\augmented_images\2_2_aug_9.jpg,72908.6144391018
0.9038948903417712,1.1134652479192109,68648.72652174691,Электродвигатель 1500об/мин 132 М4 11/1500 IM 3081 380В 11кВт 5АИ,C:\Users\gabde\Downloads\augmented_images\2_2_aug_0.jpg,93910.5535144591
0.8736560857142375,3.168958584756212,71776.88824770458,Электродвигатель 5АИ 132 М4 11/1500 IM 3081 380V 11kW 1500об/мин,C:\Users\gabde\Downloads\augmented_images\2_2_aug_1.jpg,130238.5233533192
2.0742607282785084,2.0550849994762417,43470.37046774599,Электродвигатель 5АИ 132 М4 11/1500 IM 3081 380В 11kW 1500об/мин,C:\Users\gabde\Downloads\augmented_images\2_2_aug_2.jpg,68479.74205825356
1.9032442187948304,3.2753340174340346,66597.51663257011,Электродвигатель М4 132 5АИ 11/1500 IM 3081 380вольт 11киловатт 1500об/мин,C:\Users\gabde\Downloads\augmented_images\2_2_aug_3.jpg,126121.87082483992
1.0527053290000778,1.1491530004986936,68849.85147395509,Электродвигатель 1500об/мин 132 М4 11/1500 IM 3081 380В 11киловатт 5АИ,C:\Users\gabde\Downloads\augmented_images\2_2_aug_4.jpg,102288.41170568312
3.249787895663918,2.7007860239282304,162024.51228662225,Электродвигатель 5АИ 132 М4 11/1500 IM 3081 380В 11кВт 1500об/мин,C:\Users\gabde\Downloads\augmented_images\2_2_aug_5.jpg,304954.3555940674
1.9490393637482266,3.1391350483887868,73530.23952617064,Электродвигатель 5АИ 132 М4 11/1500 IM 3081 380вольт 1500об/мин 11киловатт,C:\Users\gabde\Downloads\augmented_images\2_2_aug_6.jpg,95469.57102212349
1.1031796856360394,2.9616125386748027,75079.9505690423,Электродвигатель 5АИ 132 М4 11/1500 IM 3081 380V 11kW 1500об/мин,C:\Users\gabde\Downloads\augmented_images\2_2_aug_7.jpg,107155.07518966183
2.941328650676498,2.0524515779986388,119873.20344308903,Электродвигатель 5АИ 132 М4 11/1500 IM 3081 380В 11kW 1500об/мин,C:\Users\gabde\Downloads\augmented_images\2_2_aug_8.jpg,144324.9110261546
2.094174883306449,1.0525962546584613,36559.71226576835,Электродвигатель 5АИ 132 М4 11/1500 IM 3081 380V 11киловатт 1500об/мин,C:\Users\gabde\Downloads\augmented_images\2_2_aug_9.jpg,67738.26789294263
1.8494433158042838,0.8289794514396875,25721.682007237185,Электродвигатель 5АИ 160 М4 18.5/1500 IM 1001 380вольт 18.5киловатт 1500об/мин,C:\Users\gabde\Downloads\augmented_images\2_2_aug_0.jpg,44833.6602624197
2.250222993072531,1.9732976361464996,67560.50964251083,Электродвигатель 5АИ 160 М4 18.5/1500 IM 1001 380В 18.5киловатт 1500об/мин,C:\Users\gabde\Downloads\augmented_images\2_2_aug_1.jpg,109048.22226661109
1.8678842788462238,2.9778399550948205,63360.9366896317,Электродвигатель 5АИ 160 1500об/мин 18.5/1500 IM 1001 380вольт 18.5kW М4,C:\Users\gabde\Downloads\augmented_images\2_2_aug_2.jpg,108886.98625500867
2.0948229132260607,3.060356788987769,75495.03585179645,Электродвигатель 5АИ 160 М4 18.5/1500 IM 1001 380V 18.5киловатт 1500об/мин,C:\Users\gabde\Downloads\augmented_images\2_2_aug_3.jpg,113226.75325465442
2.0372424654225023,2.966064182992174,70871.08673150971,Электродвигатель 5АИ 160 М4 18.5/1500 IM 1001 1500об/мин 18.5киловатт 380В,C:\Users\gabde\Downloads\augmented_images\2_2_aug_4.jpg,104613.80703516994
2.051943879028076,1.8108878038237513,43891.30530099224,Электродвигатель 1500об/мин 160 М4 18.5/1500 IM 1001 380V 18.5kW 5АИ,C:\Users\gabde\Downloads\augmented_images\2_2_aug_5.jpg,67259.28843827583
2.8473158785016066,0.8740814973386282,44183.66306829949,Электродвигатель 5АИ 160 М4 18.5/1500 IM 1001 380V 18.5kW 1500об/мин,C:\Users\gabde\Downloads\augmented_images\2_2_aug_6.jpg,86210.22218034907
2.69202003730603,1.2032424445026249,109651.80898752349,Электродвигатель 5АИ 160 М4 18.5/1500 IM 1001 380V 18.5киловатт 1500об/мин,C:\Users\gabde\Downloads\augmented_images\2_2_aug_7.jpg,135809.00924266464
2.2850283191855736,1.0594348263250546,35007.212229607554,Электродвигатель 5АИ 160 М4 18.5/1500 IM 1001 380V 18.5киловатт 1500об/мин,C:\Users\gabde\Downloads\augmented_images\2_2_aug_8.jpg,60017.06119632917
2.9870397020010646,0.9889280387982702,99538.63470157377,Электродвигатель 5АИ 160 М4 18.5/1500 IM 1001 380V 18.5kW 1500об/мин,C:\Users\gabde\Downloads\augmented_images\2_2_aug_9.jpg,183613.46261577128
2.1300432461816863,1.0430427556535262,26504.718720342702,Электродвигатель 5АИ 112 МV6 4/1000 IM 1081 380V 4киловатт 1000об/мин,C:\Users\gabde\Downloads\augmented_images\2_2_aug_0.jpg,34731.88361883468
3.0693408368485273,3.1525694238075728,147639.70427072112,Электродвигатель 5АИ 112 380V 4/1000 IM 1081 МV6 4киловатт 1000об/мин,C:\Users\gabde\Downloads\augmented_images\2_2_aug_1.jpg,258851.02374128942
2.8718105338689845,2.887992154851107,169764.58123992296,Электродвигатель 5АИ 112 МВ6 4/1000 IM 1081 380В 4kW 1000об/мин,C:\Users\gabde\Downloads\augmented_images\2_2_aug_2.jpg,280178.85563963617
1.6774333222110211,2.920084054527971,84073.84996717515,Электродвигатель 5АИ 112 МV6 4/1000 IM 1081 1000об/мин 4киловатт 380В,C:\Users\gabde\Downloads\augmented_images\2_2_aug_3.jpg,150641.99559535124
0.7569899840235901,3.2682366569608132,72619.48392985143,Электродвигатель 5АИ 112 МV6 4/1000 IM 1081 380В 4kW 1000об/мин,C:\Users\gabde\Downloads\augmented_images\2_2_aug_4.jpg,102027.117500515
1.9020887325692781,3.1842498230742984,68602.34586348142,Электродвигатель 5АИ 112 МV6 4/1000 IM 1081 380В 4kW 1000об/мин,C:\Users\gabde\Downloads\augmented_images\2_2_aug_5.jpg,111922.96093468113
3.1859774334956903,3.144898449292728,150724.7659465234,Электродвигатель Мвольт6 112 5АИ 4/1000 IM 1081 380В 4kW 1000об/мин,C:\Users\gabde\Downloads\augmented_images\2_2_aug_6.jpg,200886.41478663488
0.4690278108676025,2.7893248162261592,63183.563074587546,Электродвигатель 5АИ 112 Мвольт6 4/1000 IM 1081 380вольт 4kW 1000об/мин,C:\Users\gabde\Downloads\augmented_images\2_2_aug_7.jpg,82310.95370189227
1.2237687288961623,3.1764203678509997,73508.81034058894,Электродвигатель 5АИ 112 МВ6 4/1000 IM 1081 380В 4kW 1000об/мин,C:\Users\gabde\Downloads\augmented_images\2_2_aug_8.jpg,104118.39735369857
2.1091419375650733,1.044508054674231,32634.975902122445,Электродвигатель 5АИ 112 1000об/мин 4/1000 IM 1081 380В 4киловатт МV6,C:\Users\gabde\Downloads\augmented_images\2_2_aug_9.jpg,47819.00426196852
2.13442022204077,2.037436352345699,55020.74571333325,Электродвигатель 5АИ 132 М4 11/1500 IM 3081 380В 1500об/мин 11киловатт,C:\Users\gabde\Downloads\augmented_images\2_2_aug_0.jpg,104143.97816639635
2.071167570812691,1.1199316274837208,27057.58287758424,Электродвигатель 5АИ 132 М4 11/1500 IM 3081 380V 11киловатт 1500об/мин,C:\Users\gabde\Downloads\augmented_images\2_2_aug_1.jpg,49721.97180341418
2.924423474380469,1.1078142795130521,33746.82651899243,Электродвигатель 5АИ 132 М4 11/1500 IM 3081 380вольт 11kW 1500об/мин,C:\Users\gabde\Downloads\augmented_images\2_2_aug_2.jpg,65747.84865288305
1.9374664890189817,3.1860767441217597,69976.54392789523,Электродвигатель 5АИ 132 М4 11/1500 IM 3081 380В 11киловатт 1500об/мин,C:\Users\gabde\Downloads\augmented_images\2_2_aug_3.jpg,124779.92383640767
2.8918049557212204,1.0806423807389964,44853.41521071619,Электродвигатель 5АИ 132 М4 11/1500 IM 3081 380В 11kW 1500об/мин,C:\Users\gabde\Downloads\augmented_images\2_2_aug_4.jpg,56395.033807180276
0.793481061875102,0.9613377594150636,22650.750706533538,Электродвигатель 5АИ 132 М4 11/1500 IM 3081 380В 11kW 1500об/мин,C:\Users\gabde\Downloads\augmented_images\2_2_aug_5.jpg,37978.42815008009
3.1374474837322537,1.0888663355392028,55042.36287224441,Электродвигатель 5АИ 132 М4 11/1500 IM 3081 380В 11кВт 1500об/мин,C:\Users\gabde\Downloads\augmented_images\2_2_aug_6.jpg,107605.16475727435
2.9893479399788454,2.994863755169697,147903.23838668334,Электродвигатель 5АИ 132 М4 11/1500 IM 3081 380вольт 11киловатт 1500об/мин,C:\Users\gabde\Downloads\augmented_images\2_2_aug_7.jpg,184171.7302132474
2.1152108569413217,2.786330775847392,73210.63060322758,Электродвигатель 5АИ 132 М4 11/1500 IM 3081 380V 11kW 1500об/мин,C:\Users\gabde\Downloads\augmented_images\2_2_aug_8.jpg,112073.58735206535
1.9915741240383031,2.9756173558383674,62239.2912711443,Электродвигатель 5АИ 132 380В 11/1500 IM 3081 М4 11kW 1500об/мин,C:\Users\gabde\Downloads\augmented_images\2_2_aug_9.jpg,81027.79418194546
0.8957104057591676,2.0925952006475947,51290.519389840774,Электродвигатель 5АИ 160 М4 18.5/1500 IM 1001 380вольт 18.5kW 1500об/мин,C:\Users\gabde\Downloads\augmented_images\2_2_aug_0.jpg,78004.82233492604
1.124579239345529,0.7605617540855638,18568.966142490128,Электродвигатель 5АИ 160 М4 18.5/1500 IM 1001 380V 18.5киловатт 1500об/мин,C:\Users\gabde\Downloads\augmented_images\2_2_aug_1.jpg,31476.353637834927
2.201085223949668,1.020635580115966,33298.58753146588,Электродвигатель 5АИ 160 М4 18.5/1500 IM 1001 1500об/мин 18.5kW 380V,C:\Users\gabde\Downloads\augmented_images\2_2_aug_2.jpg,55297.07960725842
1.923149467502443,1.6537794347912889,40986.791331639324,Электродвигатель 18.5kW 160 М4 18.5/1500 IM 1001 380В 5АИ 1500об/мин,C:\Users\gabde\Downloads\augmented_images\2_2_aug_3.jpg,71653.08527823958
1.9204615046761302,2.180740388835527,52385.87652682945,Электродвигатель 5АИ 160 М4 18.5/1500 IM 1001 380В 18.5кВт 1500об/мин,C:\Users\gabde\Downloads\augmented_images\2_2_aug_4.jpg,66113.22846246499
2.0581868851028338,1.7463937671502423,53112.89618325129,Электродвигатель 380вольт 160 М4 18.5/1500 IM 1001 5АИ 18.5kW 1500об/мин,C:\Users\gabde\Downloads\augmented_images\2_2_aug_5.jpg,96369.9870813328
3.1236373846590983,1.203033268325055,39253.7506690539,Электродвигатель 5АИ 160 М4 18.5/1500 IM 1001 380В 18.5kW 1500об/мин,C:\Users\gabde\Downloads\augmented_images\2_2_aug_6.jpg,64391.64593493997
0.9000910735385282,1.1069417471836642,60469.15355860943,Электродвигатель 5АИ 160 М4 18.5/1500 IM 1001 380V 18.5киловатт 1500об/мин,C:\Users\gabde\Downloads\augmented_images\2_2_aug_7.jpg,102513.39579590411
2.09116829894282,2.943317364858501,60358.498259091066,Электродвигатель 5АИ 160 М4 18.5/1500 IM 1001 380V 18.5киловатт 1500об/мин,C:\Users\gabde\Downloads\augmented_images\2_2_aug_8.jpg,80352.01989231909
1.977434393297288,0.9923953714229172,30375.737492635788,Электродвигатель 380V 160 М4 18.5/1500 IM 1001 5АИ 18.5kW 1500об/мин,C:\Users\gabde\Downloads\augmented_images\2_2_aug_9.jpg,58944.391783668274
1.0258111550738824,2.085365329788531,54747.994292637726,1LE1002-1BB23-4FA4 380вольт 4киловатт 1500об/мин,C:\Users\gabde\Downloads\augmented_images\3_2_aug_0.jpg,73888.28047501415
3.0218111963520133,1.0751364076812937,102761.37042721265,1LE1002-1BB23-4FA4 380В 4киловатт 1500об/мин,C:\Users\gabde\Downloads\augmented_images\3_2_aug_1.jpg,203316.37442604222
0.937485357247935,3.0630616057057036,67113.88061254595,1LE1002-1BB23-4FA4 380В 4kW 1500об/мин,C:\Users\gabde\Downloads\augmented_images\3_2_aug_2.jpg,126521.46258621365
2.032417280090307,1.6105121788168946,54803.95228165161,1LE1002-1BB23-4FA4 380В 4kW 1500об/мин,C:\Users\gabde\Downloads\augmented_images\3_2_aug_3.jpg,88789.37022859501
1.9498648755631895,2.073888523271783,48786.13331852808,1LE1002-1BB23-4FA4 4kW 380В 1500об/мин,C:\Users\gabde\Downloads\augmented_images\3_2_aug_4.jpg,60658.07862680617
1.014668914277423,0.943364637147208,19502.627034732992,1LE1002-1BB23-4FA4 380вольт 1500об/мин 4kW,C:\Users\gabde\Downloads\augmented_images\3_2_aug_5.jpg,35964.38047956935
0.7389807360921232,0.8469054598547963,27399.428456047448,1LE1002-1BB23-4FA4 1500об/мин 4киловатт 380вольт,C:\Users\gabde\Downloads\augmented_images\3_2_aug_6.jpg,46950.91270648761
2.0201933903281097,2.2093222239870283,41809.966792404855,1LE1002-1BB23-4FA4 380V 4kW 1500об/мин,C:\Users\gabde\Downloads\augmented_images\3_2_aug_7.jpg,54126.55543381769
3.0711749258136116,1.7532291229565253,126288.0408514144,1LE1002-1BB23-4FA4 380В 4киловатт 1500об/мин,C:\Users\gabde\Downloads\augmented_images\3_2_aug_8.jpg,241832.04458152305
2.2341491893711254,0.84754955963834,16368.128902666402,1LE1002-1BB23-4FA4 380В 4kW 1500об/мин,C:\Users\gabde\Downloads\augmented_images\3_2_aug_9.jpg,26298.036840731413
3.2503083979568625,3.0996373425065853,153137.58562883153,1LE1002-1DA23- 400В 11kW 3000об/мин,C:\Users\gabde\Downloads\augmented_images\3_2_aug_0.jpg,245136.99329975928
2.5806609411712294,1.0248092742416364,39666.29526592082,400В 1LE1002-1DA23- 11киловатт 3000об/мин,C:\Users\gabde\Downloads\augmented_images\3_2_aug_1.jpg,76077.5302617184
0.9376355820364839,1.89988790499238,56624.70007139063,1LE1002-1DA23- 400В 3000об/мин 11киловатт,C:\Users\gabde\Downloads\augmented_images\3_2_aug_2.jpg,69313.02635682956
1.1445725446715944,2.9972450835368005,65521.83518902363,1LE1002-1DA23- 400вольт 11kW 3000об/мин,C:\Users\gabde\Downloads\augmented_images\3_2_aug_3.jpg,97182.85938472048
0.8220841885992249,3.018477825524013,73698.47316280841,1LE1002-1DA23- 400V 11kW 3000об/мин,C:\Users\gabde\Downloads\augmented_images\3_2_aug_4.jpg,99793.10559676483
2.2252246183822866,3.171851871733283,68061.71629485593,1LE1002-1DA23- 3000об/мин 11киловатт 400вольт,C:\Users\gabde\Downloads\augmented_images\3_2_aug_5.jpg,133745.7487755039
3.063875353717098,2.8113494443672566,143850.19539501693,3000об/мин 400В 11киловатт 1LE1002-1DA23-,C:\Users\gabde\Downloads\augmented_images\3_2_aug_6.jpg,187581.58260070396
0.9092486745910203,3.068808901617613,55560.398510550585,1LE1002-1DA23- 400В 11кВт 3000об/мин,C:\Users\gabde\Downloads\augmented_images\3_2_aug_7.jpg,93455.18799157593
0.9641778901519871,2.910568194219736,69596.92022620417,1LE1002-1DA23- 400В 11кВт 3000об/мин,C:\Users\gabde\Downloads\augmented_images\3_2_aug_8.jpg,125593.56179631523
2.8801923523792414,1.2747254086516544,100033.81565115406,1LE1002-1DA23- 400В 11киловатт 3000об/мин,C:\Users\gabde\Downloads\augmented_images\3_2_aug_9.jpg,190508.42316574167
1.1058463712802453,1.99171825448918,51009.62212175266,1LE1502-2BA23- 400В 45киловатт 3000об/мин,C:\Users\gabde\Downloads\augmented_images\3_2_aug_0.jpg,95907.42748607
0.9276138581911445,2.860945570261387,64105.93551749043,1LE1502-2BA23- 400В 45kW 3000об/мин,C:\Users\gabde\Downloads\augmented_images\3_2_aug_1.jpg,116879.46829976246
2.195730691348371,2.962181908293934,70117.61077498479,3000об/мин 400В 45kW 1LE1502-2BA23-,C:\Users\gabde\Downloads\augmented_images\3_2_aug_2.jpg,97524.09052631976
2.933611567474272,0.9686888124779511,38925.60482816356,400В 1LE1502-2BA23- 45kW 3000об/мин,C:\Users\gabde\Downloads\augmented_images\3_2_aug_3.jpg,50758.89703745515
0.8491673296320466,3.105389076719419,77950.32269191387,3000об/мин 400вольт 45киловатт 1LE1502-2BA23-,C:\Users\gabde\Downloads\augmented_images\3_2_aug_4.jpg,109972.18312094532
1.9179953547914954,0.9668423336033394,38148.334535388145,1LE1502-2BA23- 400V 45киловатт 3000об/мин,C:\Users\gabde\Downloads\augmented_images\3_2_aug_5.jpg,67810.29120814284
1.7054705550513758,2.941843093672435,58323.145536450465,1LE1502-2BA23- 400вольт 45kW 3000об/мин,C:\Users\gabde\Downloads\augmented_images\3_2_aug_6.jpg,104760.9589382593
2.890859770269989,2.966561492583013,155532.38766708696,1LE1502-2BA23- 400вольт 45kW 3000об/мин,C:\Users\gabde\Downloads\augmented_images\3_2_aug_7.jpg,227244.59045587786
3.031910349387572,1.9955274871708286,95589.02852133589,1LE1502-2BA23- 400В 45киловатт 3000об/мин,C:\Users\gabde\Downloads\augmented_images\3_2_aug_8.jpg,190551.95787770176
2.010350130976672,1.8720366199422156,48925.034139982585,1LE1502-2BA23- 400V 45киловатт 3000об/мин,C:\Users\gabde\Downloads\augmented_images\3_2_aug_9.jpg,61377.937111752435
2.1791661965680467,1.9451079472098796,32434.099110944102,"ABB Асинхронный двигатель M2AA112 MB IE2, 380В 4kW, 1500об/мин, IMB5",C:\Users\gabde\Downloads\augmented_images\3_2_aug_0.jpg,61014.82237298803
1.0159777376531256,3.143101734172469,60813.27350100538,"ABB Асинхронный двигатель M2AA112 MB IE2, 380В 4киловатт, 1500об/мин, IMB5",C:\Users\gabde\Downloads\augmented_images\3_2_aug_1.jpg,73442.0803042382
2.082394658677633,1.144136964373119,25225.44344400758,"ABB Асинхронный двигатель M2AA112 MB IE2, 380вольт 4киловатт, 1500об/мин, IMB5",C:\Users\gabde\Downloads\augmented_images\3_2_aug_2.jpg,44619.041323666315
3.2059589390272882,2.8062545419264255,143454.03563965933,"ABB Асинхронный двигатель M2AA112 MB IE2, 380V 4киловатт, 1500об/мин, IMB5",C:\Users\gabde\Downloads\augmented_images\3_2_aug_3.jpg,221767.55867797264
1.2480191588041158,3.110096684302599,71475.85449148309,"ABB Асинхронный двигатель M2AA112 MB 380вольт IE2, 4kW, 1500об/мин, IMB5",C:\Users\gabde\Downloads\augmented_images\3_2_aug_4.jpg,90120.23783296227
1.1996153171213826,2.9804478929256604,68924.24838630024,"ABB Асинхронный двигатель M2AA112 MB стандарт IE2, 380V 4kW, 1500об/мин, IMB5",C:\Users\gabde\Downloads\augmented_images\3_2_aug_5.jpg,105067.91145835952
1.912730841190219,1.5375721250901342,53013.90909570748,"ABB Асинхронный двигатель M2AA112 MB IE2, IMB5 4киловатт, 1500об/мин, 380вольт",C:\Users\gabde\Downloads\augmented_images\3_2_aug_6.jpg,105335.82474446084
2.9388519983266277,1.930429345659417,102557.31352379778,"ABB Асинхронный двигатель M2AA112 MB класс энергоэффективности IE2, 1500об/мин, 4kW, 380V IMB5",C:\Users\gabde\Downloads\augmented_images\3_2_aug_7.jpg,189678.0692071186
1.0918088537294492,1.227708172837183,69255.05500763837,"ABB Асинхронный двигатель 1500об/мин, MB IE2, 380В 4киловатт, M2AA112 IMB5",C:\Users\gabde\Downloads\augmented_images\3_2_aug_8.jpg,123902.2572868673
0.9542326397788757,2.198438592381868,62740.58374136252,"ABB Асинхронный двигатель M2AA112 MB стандарт IE2, 380V 4kW, 1500об/мин, IMB5",C:\Users\gabde\Downloads\augmented_images\3_2_aug_9.jpg,109955.68587398918
1.9197355627421058,0.6305014425052284,39136.72887029474,"ABB Двиг.ас.M2BAX(IE2)11киловатт,1500о/м,B5 11киловатт 380В 1500об/мин",C:\Users\gabde\Downloads\augmented_images\3_2_aug_0.jpg,62769.45739072563
0.6942490907658918,1.1019650418534632,61826.959598104135,"ABB  Двиг.ас.M2BAX(IE2)11kW,1500о/м,B5 380вольт 11kW 1500об/мин",C:\Users\gabde\Downloads\augmented_images\3_2_aug_1.jpg,83150.80269897063
2.1810970427244536,3.043867032455693,64035.928721881726,"ABB Двиг.ас.M2BAX(IE2)11kW,1500о/м,B5 11кВт 380В 1500об/мин",C:\Users\gabde\Downloads\augmented_images\3_2_aug_2.jpg,95206.09255614075
2.846799828024915,1.0574755642303741,46275.40454261383,"ABB  Двиг.ас.M2BAX(IE2)11киловатт,1500о/м,B5 380В 11киловатт 1500об/мин",C:\Users\gabde\Downloads\augmented_images\3_2_aug_3.jpg,79267.05065236615
1.9294717393263008,1.1646509451622389,27107.58722412386,"ABB  Двиг.ас.M2BAX(IE2)11киловатт,1500о/м,B5 380В 11кВт 1500об/мин",C:\Users\gabde\Downloads\augmented_images\3_2_aug_4.jpg,53837.80584768758
1.9165493196531396,1.68982820503406,39837.16600331951,"ABB  Двиг.ас.M2BAX(IE2)11киловатт,1500о/м,B5 380V 11kW 1500об/мин",C:\Users\gabde\Downloads\augmented_images\3_2_aug_5.jpg,59508.64911054213
2.8668694754965527,3.2197137560532094,155215.41171067496,"ABB  Двиг.ас.M2BAX(IE2)11киловатт,1500о/м,B5 380В 11кВт 1500об/мин",C:\Users\gabde\Downloads\augmented_images\3_2_aug_6.jpg,299854.23440178495
1.0697312361283862,2.837569587783368,65353.131916816405,"ABB  Двиг.ас.M2BAX(IE2)11kW,1500о/м,B5 380вольт 11киловатт 1500об/мин",C:\Users\gabde\Downloads\augmented_images\3_2_aug_7.jpg,119337.47422085193
2.0195773406658257,2.935025301824138,78125.5896531323,"ABB Двиг.ас.M2BAX(IE2)11киловатт,1500о/м,B5 11кВт 380В 1500об/мин",C:\Users\gabde\Downloads\augmented_images\3_2_aug_8.jpg,150851.8091807868
2.126746866347612,3.096264062007465,75045.05528337196,"ABB 380вольт Двиг.ас.M2BAX(IE2)11kW,1500о/м,B5 11киловатт 1500об/мин",C:\Users\gabde\Downloads\augmented_images\3_2_aug_9.jpg,118774.1891418377
3.1897175754420415,3.0150721259246813,148380.0514266151,Электродвигатель Siemens 1LE1502-2BA23-4AB4-Z 400V 45киловатт 3000об/мин,C:\Users\gabde\Downloads\augmented_images\3_2_aug_0.jpg,290317.08794221544
3.10335207920148,1.0052638325100234,47976.60406964027,Электродвигатель Siemens 1LE1502-2BA23-4AB4-Z 400V 45киловатт 3000об/мин,C:\Users\gabde\Downloads\augmented_images\3_2_aug_1.jpg,75055.64222646251
2.093257799722248,1.7621833164124516,46569.71720264231,Электродвигатель Siemens 1LE1502-2BA23-4AB4-Z 400В 45kW 3000об/мин,C:\Users\gabde\Downloads\augmented_images\3_2_aug_2.jpg,61369.32085509325
1.7801580684035998,2.1571349211411506,47540.36779450344,Электродвигатель Siemens 1LE1502-2BA23-4AB4-Z 400В 45кВт 3000об/мин,C:\Users\gabde\Downloads\augmented_images\3_2_aug_3.jpg,83112.60281188243
3.0661824519910583,2.0412094964341523,120691.30015504743,Электродвигатель Siemens 1LE1502-2BA23-4AB4-Z 400вольт 45kW 3000об/мин,C:\Users\gabde\Downloads\augmented_images\3_2_aug_4.jpg,159379.12594675794
0.9353727164880833,2.9537443355085142,73986.46555314478,Электродвигатель Siemens 400V 1LE1502-2BA23-4AB4-Z 45киловатт 3000об/мин,C:\Users\gabde\Downloads\augmented_images\3_2_aug_5.jpg,97793.3459168537
1.072117858838484,2.0295062980734166,46629.503855413685,Электродвигатель Siemens 1LE1502-2BA23-4AB4-Z 400В 45кВт 3000об/мин,C:\Users\gabde\Downloads\augmented_images\3_2_aug_6.jpg,75873.5356694361
1.1388162646124624,3.3054968911329214,80757.21528725387,Электродвигатель Siemens 400V 1LE1502-2BA23-4AB4-Z 45kW 3000об/мин,C:\Users\gabde\Downloads\augmented_images\3_2_aug_7.jpg,142418.71318963615
2.9334343215012675,0.9663495460283147,45971.977978851246,Электродвигатель Siemens 45кВт 400В 1LE1502-2BA23-4AB4-Z 3000об/мин,C:\Users\gabde\Downloads\augmented_images\3_2_aug_8.jpg,81485.7310098157
1.7499768068017114,0.8961126841814244,28277.8027576808,Электродвигатель Siemens 45kW 400вольт 1LE1502-2BA23-4AB4-Z 3000об/мин,C:\Users\gabde\Downloads\augmented_images\3_2_aug_9.jpg,50126.922591274626
